document_id,company,ticker,cik,document_type,document_date,period_end,role,source_url,notes
DOC_FMC_AMD3_2025,FMC Corporation,FMC,37785,Amendment No. 3,2025-02-03,,amendment,https://www.sec.gov/Archives/edgar/data/37785/000003778525000013/amendmentno3tofifthamended.htm,Covenant relief schedule; leverage and interest coverage thresholds.
DOC_FMC_Q1_2025,FMC Corporation,FMC,37785,10-Q,,2025-03-31,periodic_filing,https://www.sec.gov/Archives/edgar/data/37785/000003778525000065/fmc-20250331.htm,"Reports actual leverage 4.77x, interest coverage 3.84x and compliance."
DOC_FMC_Q3_2025,FMC Corporation,FMC,37785,10-Q,,2025-09-30,periodic_filing,https://www.sec.gov/Archives/edgar/data/37785/000003778525000127/fmc-20250930.htm,"Reports actual leverage 4.94x, interest coverage 3.93x and compliance."
DOC_HAIN_Q1_2025,"The Hain Celestial Group, Inc.",HAIN,910406,10-Q,,2025-03-31,periodic_filing,https://www.sec.gov/Archives/edgar/data/910406/000095017025065632/hain-20250331.htm,Reports Q1 covenant ratios before later amendments.
DOC_HAIN_AMD3_2025,"The Hain Celestial Group, Inc.",HAIN,910406,Third Amendment,2025-05-05,,amendment,https://www.sec.gov/Archives/edgar/data/910406/000119312525203534/hain-ex10_1-4.htm,Third Amendment schedule for maximum secured leverage.
DOC_HAIN_10K_2025,"The Hain Celestial Group, Inc.",HAIN,910406,10-K,,2025-06-30,periodic_filing,https://www.sec.gov/Archives/edgar/data/910406/000119312525203534/hain-20250630.htm,"Describes September 11, 2025 Fourth Amendment as subsequent event; useful for precedence."
DOC_HAIN_Q3_2025,"The Hain Celestial Group, Inc.",HAIN,910406,10-Q,,2025-09-30,periodic_filing,https://www.sec.gov/Archives/edgar/data/910406/000119312525272288/hain-20250930.htm,Reports actual ratios under Fourth Amendment and compliance.
DOC_STONE_AMD1_2025,"Stoneridge, Inc.",SRI,1043337,Amendment No. 1 + Waiver,2025-02-26,,amendment,https://www.sec.gov/Archives/edgar/data/1043337/000104333725000092/sri-20250331xexx102.htm,Leverage relief schedule and interest coverage waiver/reductions.
DOC_STONE_Q1_2025,"Stoneridge, Inc.",SRI,1043337,10-Q,,2025-03-31,periodic_filing,https://www.sec.gov/Archives/edgar/data/1043337/000104333725000092/sri-20250331.htm,Describes Amendment No. 1 covenant relief.
DOC_STONE_Q1_EARN_2025,"Stoneridge, Inc.",SRI,1043337,Earnings exhibit,2025-04-30,2025-03-31,earnings_exhibit,https://www.sec.gov/Archives/edgar/data/1043337/000104333725000091/sri-20250430xexx992earni.htm,"Provides adjusted net debt, adjusted EBITDA, leverage ratio and maximum requirement."
DOC_STONE_Q3_EARN_2025,"Stoneridge, Inc.",SRI,1043337,Earnings exhibit,2025-11-05,2025-09-30,earnings_exhibit,https://www.sec.gov/Archives/edgar/data/1043337/000104333725000122/sri-20251105xexx992earni.htm,Reports Q3 compliance leverage ratio and required covenant level.
DOC_POLARIS_AMD_2025,Polaris Inc.,PII,931015,Credit Facility Amendment,2025-06-27,,amendment,https://www.sec.gov/Archives/edgar/data/931015/000162828025033840/pii-20250627.htm,Creates Covenant Relief Period through June 2026.
DOC_POLARIS_2025_10K,Polaris Inc.,PII,931015,10-K / XBRL note,,2025-12-31,periodic_filing,https://www.sec.gov/Archives/edgar/data/931015/000162828026008033/R16.htm,"Reports relief-period thresholds and compliance at December 31, 2025."
DOC_POLARIS_Q1_2026,Polaris Inc.,PII,931015,10-Q / XBRL note,,2026-03-31,periodic_filing,https://www.sec.gov/Archives/edgar/data/931015/000162828026027854/R14.htm,"Reports relief-period thresholds and compliance at March 31, 2026."
DOC_MCHP_2025_10K,Microchip Technology Incorporated,MCHP,827054,10-K,,2025-03-31,periodic_filing,https://www.sec.gov/Archives/edgar/data/827054/000082705425000077/mchp-20250331.htm,Sets multi-quarter maximum total leverage schedule.
DOC_MCHP_2026_10K,Microchip Technology Incorporated,MCHP,827054,10-K,,2026-03-31,periodic_filing,https://www.sec.gov/Archives/edgar/data/827054/000082705426000016/mchp-20260331.htm,"Repeats schedule and discloses covenant compliance at March 31, 2026."
DOC_AVD_AMD8_2025,American Vanguard Corporation,AVD,5981,Amendment No. 8 / 8-K,2025-03-12,,amendment,https://www.sec.gov/Archives/edgar/data/5981/000119312525054368/d903583d8k.htm,Relief schedule: leverage 6.25x/5.75x and FCCR 1.15x/1.25x.
DOC_AVD_Q1_2025,American Vanguard Corporation,AVD,5981,10-Q,,2025-03-31,periodic_filing,https://www.sec.gov/Archives/edgar/data/5981/000095017025082654/avd-20250331.htm,Describes Amendment No. 8 relief schedule.
DOC_AVD_AMD11_2025,American Vanguard Corporation,AVD,5981,Amendment No. 11 + Waiver,2025-05-27,,amendment,https://www.sec.gov/Archives/edgar/data/5981/000095017025078615/avd-ex10_26.htm,Confirms March 31 leverage/FCCR defaults; waives defaults and suspends later testing.
DOC_AVD_AMD12_2025,American Vanguard Corporation,AVD,5981,Amendment No. 12 / 8-K,2025-08-18,,amendment,https://www.sec.gov/Archives/edgar/data/5981/000119312525183463/d21123d8k.htm,Adds minimum EBITDA tests and suspends Total Leverage testing until June 2026.
DOC_AVITA_2024_10K,"AVITA Medical, Inc.",RCEL,1762303,10-K,,2024-12-31,periodic_filing,https://www.sec.gov/Archives/edgar/data/1762303/000095017025020026/rcel-20241231.htm,Describes Fourth Amendment revenue-covenant schedule.
DOC_AVITA_Q2_2025,"AVITA Medical, Inc.",RCEL,1762303,10-Q,,2025-06-30,periodic_filing,https://www.sec.gov/Archives/edgar/data/1762303/000176230325000014/rcel-20250630.htm,Discloses Q1 and Q2 revenue covenant breaches/waivers and Fifth Amendment schedule.
DOC_AVITA_AMD5_2025,"AVITA Medical, Inc.",RCEL,1762303,Fifth Amendment / 8-K,2025-08-07,,amendment,https://www.sec.gov/Archives/edgar/data/1762303/000176230325000012/rcel-20250807.htm,Revises TTM revenue covenant to 73/77/90/103 million.
DOC_AVITA_Q3_2025,"AVITA Medical, Inc.",RCEL,1762303,10-Q,,2025-09-30,periodic_filing,https://www.sec.gov/Archives/edgar/data/1762303/000119312525269597/rcel-20250930.htm,Discloses Q3 revenue covenant waiver.
DOC_AVITA_AMD6_2025,"AVITA Medical, Inc.",RCEL,1762303,Sixth Amendment / 8-K,2025-11-05,,amendment,https://www.sec.gov/Archives/edgar/data/1762303/000119312525269535/rcel-20251105.htm,Lowers Q4 2025 TTM revenue covenant to $70m.
DOC_FUNKO_Q2_2025,"Funko, Inc.",FNKO,1704711,10-Q,,2025-06-30,periodic_filing,https://www.sec.gov/Archives/edgar/data/1704711/000170471125000119/fnko-20250630.htm,Management forecasts non-compliance with leverage and FCCR from Q4 2025 onward.
DOC_FUNKO_2025_10K,"Funko, Inc.",FNKO,1704711,10-K,,2025-12-31,periodic_filing,https://www.sec.gov/Archives/edgar/data/1704711/000170471126000020/fnko-20251231.htm,Fifth Amendment waives Q4 2025/Q1-Q2 2026 FCCR and leverage tests and adds EBITDA covenant.
DOC_SAGA_Q1_2026,"Saga Communications, Inc.",SGA,886136,10-Q,,2026-03-31,periodic_filing,https://www.sec.gov/Archives/edgar/data/886136/000110465926057921/sga-20260331x10q.htm,"Discloses FCCR 0.92x vs 1.15x minimum, default, and May 7 waiver."
DOC_TILE_2025_10K,"Tile Shop Holdings, Inc.",TTSH,1552800,10-K,,2025-12-31,periodic_filing,https://www.sec.gov/Archives/edgar/data/1552800/000155280026000006/c800-20251231x10k.htm,"Discloses 1.20x minimum FCCR, 3.50x maximum rent-adjusted leverage, non-compliance and waiver."
