case_id,borrower,ticker,cik,test_date,covenant_name,covenant_type,operator,threshold_value,actual_value,headroom,unit,gold_status,amendment_applied,source_document_ids,evidence_grade,evaluation_mode,waiver_status,early_warning_expected,future_event_date,future_event_type,gold_rationale,notes
PUB_FMC_2025Q1_LEV,FMC Corporation,FMC,37785,2025-03-31,Maximum leverage ratio,leverage,<=,5.25,4.77,0.48,x,COMPLIANT,Amendment No. 3 (2025-02-03),DOC_FMC_AMD3_2025;DOC_FMC_Q1_2025,B,extraction+calculation_check,,False,,,Filing reports 4.77x actual vs 5.25x maximum.,
PUB_FMC_2025Q1_ICR,FMC Corporation,FMC,37785,2025-03-31,Minimum interest coverage ratio,interest_coverage,>=,3.0,3.84,0.84,x,COMPLIANT,Amendment No. 3 (2025-02-03),DOC_FMC_AMD3_2025;DOC_FMC_Q1_2025,B,extraction+calculation_check,,False,,,Filing reports 3.84x actual vs 3.00x minimum.,
PUB_FMC_2025Q3_LEV,FMC Corporation,FMC,37785,2025-09-30,Maximum leverage ratio,leverage,<=,5.25,4.94,0.31,x,COMPLIANT,Amendment No. 3 (2025-02-03),DOC_FMC_AMD3_2025;DOC_FMC_Q3_2025,B,extraction+calculation_check,,False,,,Filing reports 4.94x actual vs 5.25x maximum.,
PUB_FMC_2025Q3_ICR,FMC Corporation,FMC,37785,2025-09-30,Minimum interest coverage ratio,interest_coverage,>=,3.0,3.93,0.93,x,COMPLIANT,Amendment No. 3 (2025-02-03),DOC_FMC_AMD3_2025;DOC_FMC_Q3_2025,B,extraction+calculation_check,,False,,,Filing reports 3.93x actual vs 3.00x minimum.,
PUB_HAIN_2025Q1_SECLEV,"The Hain Celestial Group, Inc.",HAIN,910406,2025-03-31,Maximum consolidated secured leverage ratio,secured_leverage,<=,4.25,4.23,0.02,x,COMPLIANT,Second Amendment (then applicable),DOC_HAIN_Q1_2025,B,extraction,,False,,,Q1 filing reports 4.23x against then-applicable 4.25x maximum.,
PUB_HAIN_2025Q1_TOTLEV,"The Hain Celestial Group, Inc.",HAIN,910406,2025-03-31,Maximum consolidated leverage ratio,total_leverage,<=,6.0,4.23,1.77,x,COMPLIANT,Credit Agreement,DOC_HAIN_Q1_2025,B,extraction,,False,,,,
PUB_HAIN_2025Q1_ICR,"The Hain Celestial Group, Inc.",HAIN,910406,2025-03-31,Minimum consolidated interest coverage ratio,interest_coverage,>=,2.5,3.22,0.72,x,COMPLIANT,Second Amendment,DOC_HAIN_Q1_2025,B,extraction,,False,,,,
PUB_HAIN_2025Q3_SECLEV,"The Hain Celestial Group, Inc.",HAIN,910406,2025-09-30,Maximum consolidated secured leverage ratio,secured_leverage,<=,5.5,4.81,0.69,x,COMPLIANT,"Fourth Amendment (2025-09-11), superseding Third Amendment",DOC_HAIN_AMD3_2025;DOC_HAIN_10K_2025;DOC_HAIN_Q3_2025,B,amendment_precedence,,False,,,"Critical stale-amendment test: Third Amendment would imply 4.75x, Fourth Amendment changed Q3+ to 5.50x.",
PUB_HAIN_2025Q3_TOTLEV,"The Hain Celestial Group, Inc.",HAIN,910406,2025-09-30,Maximum consolidated leverage ratio,total_leverage,<=,6.0,4.81,1.19,x,COMPLIANT,Fourth Amendment / Credit Agreement,DOC_HAIN_Q3_2025,B,extraction,,False,,,,
PUB_HAIN_2025Q3_ICR,"The Hain Celestial Group, Inc.",HAIN,910406,2025-09-30,Minimum consolidated interest coverage ratio,interest_coverage,>=,2.0,2.92,0.92,x,COMPLIANT,Fourth Amendment (2025-09-11),DOC_HAIN_Q3_2025,B,amendment_precedence,,False,,,,
PUB_SRI_2024Q4_ICR_WAIVER,"Stoneridge, Inc.",SRI,1043337,2024-12-31,Minimum interest coverage ratio,interest_coverage,WAIVED,,,,x,WAIVED,Amendment No. 1 (2025-02-26),DOC_STONE_AMD1_2025;DOC_STONE_Q1_2025,C,waiver_handling,Explicit waiver for quarter ended 2024-12-31,False,,,Agent should not apply the ordinary 3.50x minimum to a waived test.,
PUB_SRI_2025Q1_LEV,"Stoneridge, Inc.",SRI,1043337,2025-03-31,Maximum compliance leverage ratio,net_leverage,<=,6.0,3.97,2.03,x,COMPLIANT,Amendment No. 1 (2025-02-26),DOC_STONE_AMD1_2025;DOC_STONE_Q1_EARN_2025,A,reconstruction,,False,,,"Adjusted net debt $148.9m / adjusted EBITDA $37.5m = ~3.97x, below 6.00x.",
PUB_SRI_2025Q3_LEV,"Stoneridge, Inc.",SRI,1043337,2025-09-30,Maximum compliance leverage ratio,net_leverage,<=,4.5,3.39,1.11,x,COMPLIANT,Amendment No. 1 (2025-02-26),DOC_STONE_AMD1_2025;DOC_STONE_Q3_EARN_2025,B,extraction,,False,,,,
PUB_SRI_2025Q3_ICR,"Stoneridge, Inc.",SRI,1043337,2025-09-30,Minimum interest coverage ratio,interest_coverage,>=,2.5,,,x,THRESHOLD_ONLY,Amendment No. 1 (2025-02-26),DOC_STONE_AMD1_2025,C,threshold_retrieval,,False,,,,
PUB_PII_2025Q2_LEV,Polaris Inc.,PII,931015,2025-06-30,Maximum leverage ratio,leverage,<=,4.0,,,x,THRESHOLD_ONLY,June 2025 Covenant Relief Period,DOC_POLARIS_AMD_2025,C,threshold_retrieval,,False,,,,
PUB_PII_2025Q2_ICR,Polaris Inc.,PII,931015,2025-06-30,Minimum interest coverage ratio,interest_coverage,>=,2.5,,,x,THRESHOLD_ONLY,June 2025 Covenant Relief Period,DOC_POLARIS_AMD_2025,C,threshold_retrieval,,False,,,,
PUB_PII_2025Q4_LEV,Polaris Inc.,PII,931015,2025-12-31,Maximum leverage ratio,leverage,<=,5.5,,,x,COMPLIANT_DISCLOSED,June 2025 Covenant Relief Period,DOC_POLARIS_AMD_2025;DOC_POLARIS_2025_10K,B,amendment_precedence,,False,,,,
PUB_PII_2025Q4_ICR,Polaris Inc.,PII,931015,2025-12-31,Minimum interest coverage ratio,interest_coverage,>=,2.5,,,x,COMPLIANT_DISCLOSED,June 2025 Covenant Relief Period,DOC_POLARIS_AMD_2025;DOC_POLARIS_2025_10K,B,amendment_precedence,,False,,,,
PUB_PII_2026Q1_LEV,Polaris Inc.,PII,931015,2026-03-31,Maximum leverage ratio,leverage,<=,5.5,,,x,COMPLIANT_DISCLOSED,June 2025 Covenant Relief Period,DOC_POLARIS_AMD_2025;DOC_POLARIS_Q1_2026,B,amendment_precedence,,False,,,,
PUB_PII_2026Q1_ICR,Polaris Inc.,PII,931015,2026-03-31,Minimum interest coverage ratio,interest_coverage,>=,2.0,,,x,COMPLIANT_DISCLOSED,June 2025 Covenant Relief Period,DOC_POLARIS_AMD_2025;DOC_POLARIS_Q1_2026,B,amendment_precedence,,False,,,,
PUB_MCHP_2025Q3_LEV,Microchip Technology Incorporated,MCHP,827054,2025-09-30,Maximum total leverage ratio,total_leverage,<=,6.25,,,x,THRESHOLD_ONLY,Second Amended and Restated Credit Agreement (March 2025),DOC_MCHP_2025_10K,C,threshold_retrieval,,False,,,,
PUB_MCHP_2025Q4_LEV,Microchip Technology Incorporated,MCHP,827054,2025-12-31,Maximum total leverage ratio,total_leverage,<=,5.75,,,x,THRESHOLD_ONLY,Second Amended and Restated Credit Agreement (March 2025),DOC_MCHP_2025_10K,C,threshold_retrieval,,False,,,,
PUB_MCHP_2026Q1_LEV,Microchip Technology Incorporated,MCHP,827054,2026-03-31,Maximum total leverage ratio,total_leverage,<=,4.75,,,x,COMPLIANT_DISCLOSED,Second Amended and Restated Credit Agreement (March 2025),DOC_MCHP_2026_10K,B,threshold_retrieval,,False,,,,
PUB_MCHP_2026Q2_LEV,Microchip Technology Incorporated,MCHP,827054,2026-06-30,Maximum total leverage ratio,total_leverage,<=,4.0,,,x,THRESHOLD_ONLY,Second Amended and Restated Credit Agreement (March 2025),DOC_MCHP_2026_10K,C,threshold_retrieval,,False,,,,
PUB_AVD_2025Q1_LEV_BREACH,American Vanguard Corporation,AVD,5981,2025-03-31,Maximum Total Leverage Ratio,total_leverage,<=,6.25,,,x,BREACH_DISCLOSED,Amendment No. 8 (2025-03-12); later waived by Amendment No. 11,DOC_AVD_AMD8_2025;DOC_AVD_AMD11_2025,B,breach+waiver,Existing event of default waived on 2025-05-27,False,,,Amendment No. 11 recital explicitly states non-compliance with Total Leverage Ratio at 2025-03-31.,
PUB_AVD_2025Q1_FCCR_BREACH,American Vanguard Corporation,AVD,5981,2025-03-31,Minimum Fixed Charge Coverage Ratio,fixed_charge_coverage,>=,1.15,,,x,BREACH_DISCLOSED,Amendment No. 8; later waived by Amendment No. 11,DOC_AVD_AMD8_2025;DOC_AVD_AMD11_2025,B,breach+waiver,Existing event of default waived on 2025-05-27,False,,,,
PUB_AVD_2025Q2_LEV_SUSPENDED,American Vanguard Corporation,AVD,5981,2025-06-30,Maximum Total Leverage Ratio,total_leverage,NOT_TESTED,,,,x,NOT_TESTED,Amendment No. 11 (2025-05-27),DOC_AVD_AMD11_2025,C,waiver_handling,Testing suspended,False,,,,
PUB_AVD_2025Q2_FCCR_SUSPENDED,American Vanguard Corporation,AVD,5981,2025-06-30,Minimum Fixed Charge Coverage Ratio,fixed_charge_coverage,NOT_TESTED,,,,x,NOT_TESTED,Amendment No. 11 (2025-05-27),DOC_AVD_AMD11_2025,C,waiver_handling,Testing suspended,False,,,,
PUB_AVD_2025Q3_LEV_SUSPENDED,American Vanguard Corporation,AVD,5981,2025-09-30,Maximum Total Leverage Ratio,total_leverage,NOT_TESTED,,,,x,NOT_TESTED,Amendment No. 11 / No. 12,DOC_AVD_AMD11_2025;DOC_AVD_AMD12_2025,C,amendment_precedence,Testing suspended through at least 2025; later extended until June 2026,False,,,,
PUB_AVD_2025Q3_FCCR,American Vanguard Corporation,AVD,5981,2025-09-30,Minimum Fixed Charge Coverage Ratio,fixed_charge_coverage,>=,1.0,,,x,THRESHOLD_ONLY,Amendment No. 11,DOC_AVD_AMD11_2025,C,threshold_retrieval,,False,,,,
PUB_AVD_2025Q3_EBITDA,American Vanguard Corporation,AVD,5981,2025-09-30,Minimum year-to-date Consolidated EBITDA,minimum_ebitda,>=,9.5,,,USD_m,THRESHOLD_ONLY,Amendment No. 12 (2025-08-18),DOC_AVD_AMD12_2025,C,amendment_precedence,,False,,,,
PUB_AVD_2025Q4_EBITDA,American Vanguard Corporation,AVD,5981,2025-12-31,Minimum year-to-date Consolidated EBITDA,minimum_ebitda,>=,35.0,,,USD_m,THRESHOLD_ONLY,Amendment No. 12 (2025-08-18),DOC_AVD_AMD12_2025,C,threshold_retrieval,,False,,,,
PUB_RCEL_2025Q1_REV_BREACH,"AVITA Medical, Inc.",RCEL,1762303,2025-03-31,Minimum trailing-12-month net revenue,minimum_revenue,>=,73.0,,,USD_m,BREACH_WAIVED,Fourth Amendment; waiver 2025-03-31,DOC_AVITA_2024_10K;DOC_AVITA_Q2_2025,B,breach+waiver,Waiver received 2025-03-31,False,,,,
PUB_RCEL_2025Q2_REV_BREACH,"AVITA Medical, Inc.",RCEL,1762303,2025-06-30,Minimum trailing-12-month net revenue,minimum_revenue,>=,78.0,,,USD_m,BREACH_WAIVED,Fourth Amendment; waiver 2025-06-30,DOC_AVITA_Q2_2025,B,breach+waiver,Waiver received 2025-06-30,False,,,,
PUB_RCEL_2025Q3_REV_BREACH,"AVITA Medical, Inc.",RCEL,1762303,2025-09-30,Minimum trailing-12-month net revenue,minimum_revenue,>=,73.0,,,USD_m,BREACH_WAIVED,Fifth Amendment (2025-08-07); waiver 2025-09-30,DOC_AVITA_AMD5_2025;DOC_AVITA_Q3_2025,B,breach+waiver,Waiver received 2025-09-30,False,,,,
PUB_RCEL_2025Q4_REV,"AVITA Medical, Inc.",RCEL,1762303,2025-12-31,Minimum trailing-12-month net revenue,minimum_revenue,>=,70.0,,,USD_m,THRESHOLD_ONLY,"Sixth Amendment (2025-11-05), superseding Fifth Amendment's $77m Q4 threshold",DOC_AVITA_AMD5_2025;DOC_AVITA_AMD6_2025,C,amendment_precedence,,False,,,Tests whether the agent applies the later $70m Q4 threshold rather than stale $77m.,
PUB_FNKO_2025Q2_EW_LEV,"Funko, Inc.",FNKO,1704711,2025-06-30,Maximum Net Leverage Ratio,early_warning,,,,,x,EARLY_WARNING_EXPECTED,Fourth Amendment already waived Q2/Q3; management forecast future non-compliance,DOC_FUNKO_Q2_2025;DOC_FUNKO_2025_10K,EW,temporal_early_warning,,True,2026-02-13,Fifth Amendment waived Q4 2025 and subsequent covenant tests,Q2 filing explicitly forecasts non-compliance beginning Q4 2025; later amendment validates material covenant stress.,
PUB_FNKO_2025Q2_EW_FCCR,"Funko, Inc.",FNKO,1704711,2025-06-30,Minimum Fixed Charge Coverage Ratio,early_warning,,,,,x,EARLY_WARNING_EXPECTED,Fourth Amendment already waived Q2/Q3; management forecast future non-compliance,DOC_FUNKO_Q2_2025;DOC_FUNKO_2025_10K,EW,temporal_early_warning,,True,2026-02-13,Fifth Amendment waived Q4 2025 and subsequent covenant tests,Q2 filing explicitly forecasts non-compliance beginning Q4 2025; later amendment validates material covenant stress.,
PUB_SGA_2026Q1_FCCR,"Saga Communications, Inc.",SGA,886136,2026-03-31,Minimum fixed charge coverage ratio,fixed_charge_coverage,>=,1.15,0.92,-0.23,x,BREACH_WAIVED,Credit Agreement; waiver on 2026-05-07,DOC_SAGA_Q1_2026,B,breach+waiver,Waiver obtained 2026-05-07,False,,,0.92x vs 1.15x minimum constituted an event of default.,
PUB_TTSH_2025Q4_FCCR,"Tile Shop Holdings, Inc.",TTSH,1552800,2025-12-31,Minimum Fixed Charge Coverage Ratio,fixed_charge_coverage,>=,1.2,,,x,INDIVIDUAL_STATUS_NOT_DISCLOSED,Credit Agreement; waiver 2026-01-28,DOC_TILE_2025_10K,B,threshold_retrieval,"Company disclosed covenant non-compliance and lender waiver, but did not isolate which ratio(s) failed.",False,,,,
PUB_TTSH_2025Q4_RALR,"Tile Shop Holdings, Inc.",TTSH,1552800,2025-12-31,Maximum Rent Adjusted Leverage Ratio,rent_adjusted_leverage,<=,3.5,,,x,INDIVIDUAL_STATUS_NOT_DISCLOSED,Credit Agreement; waiver 2026-01-28,DOC_TILE_2025_10K,B,threshold_retrieval,"Company disclosed covenant non-compliance and lender waiver, but did not isolate which ratio(s) failed.",False,,,,
PUB_TTSH_2025Q4_EVENT,"Tile Shop Holdings, Inc.",TTSH,1552800,2025-12-31,Borrower-level financial covenant compliance,borrower_event,,,,,,BREACH_WAIVED,Credit Agreement; waiver 2026-01-28,DOC_TILE_2025_10K,B,breach+waiver,"Lenders waived the December 31, 2025 covenant non-compliance on 2026-01-28",False,,,,
